evaluation/task1_bubbles_success,evaluation/task2_firework_success,evaluation/task3_three_rooms_success,evaluation/task4_four_squares_success,evaluation/task5_ice_plant_success,evaluation/overall_success,step
0.0,0.0,0.0,0.0,0.0,0.0,1
0.0,0.1,0.02,0.42,0.0,0.10800000000000001,100000
0.0,0.0,0.04,0.0,0.0,0.008,200000
0.0,0.02,0.18,0.36,0.0,0.11199999999999999,300000
0.0,0.16,0.12,0.3,0.0,0.11600000000000002,400000
0.0,0.18,0.02,0.0,0.0,0.039999999999999994,500000
