seed,beta,overall_success,task1_success,task2_success,task3_success,task4_success,task5_success
2,0.0,0.388,0.22,0.62,0.34,0.36,0.4
2,0.25,0.332,0.3,0.54,0.3,0.22,0.3
2,0.5,0.43600000000000005,0.28,0.64,0.42,0.42,0.42
2,1.0,0.384,0.26,0.6,0.42,0.2,0.44
2,2.0,0.34800000000000003,0.26,0.54,0.3,0.3,0.34
