{
  "n_states": 2000,
  "K": 16,
  "ckpt": "/home/y_f/ece567/runs/ex_chiql_phase3b/dummy/ex_chiql_phase3b/sd002_20260422_182440/params_1000000.pkl",
  "residual_fit": {
    "alpha": 14.997915108462706,
    "gamma": -0.3805024649487913
  },
  "sigma": {
    "near": {
      "n": 17,
      "mean": 35.00516202407615,
      "median": 35.382887452840805,
      "p90": 47.02237002849579
    },
    "far": {
      "n": 1784,
      "mean": 19.792041054456714,
      "median": 19.769993292167783,
      "p90": 30.93287194669247
    },
    "ratio_mean": 1.7686484141661474,
    "ratio_median": 1.7897268314632324,
    "dist_sigma_corr": -0.30046723047083407
  },
  "sigma_perp": {
    "near": {
      "n": 17,
      "mean": 13.553887429491464,
      "median": 13.553773518387267,
      "p90": 22.6138736826856
    },
    "far": {
      "n": 1784,
      "mean": -0.7050344870501205,
      "median": -1.1471970974034935,
      "p90": 10.642615236283387
    },
    "ratio_mean": -19.224431823471814,
    "ratio_median": -11.81468602828945,
    "dist_sigma_corr": -0.3349408164983908
  }
}