seed,beta,overall_success,task1_success,task2_success,task3_success,task4_success,task5_success
2,0.0,0.36400000000000005,0.4,0.56,0.28,0.28,0.3
2,0.25,0.472,0.42,0.7,0.34,0.38,0.52
2,0.5,0.396,0.26,0.7,0.32,0.32,0.38
2,1.0,0.42400000000000004,0.44,0.64,0.22,0.38,0.44
2,2.0,0.42400000000000004,0.46,0.52,0.32,0.34,0.48
2,4.0,0.42799999999999994,0.48,0.64,0.38,0.38,0.26
