seed,beta,overall_success,task1_success,task2_success,task3_success,task4_success,task5_success
1,0.0,0.328,0.34,0.52,0.18,0.24,0.36
1,0.25,0.364,0.42,0.58,0.2,0.32,0.3
1,0.5,0.41600000000000004,0.4,0.6,0.3,0.24,0.54
1,1.0,0.42000000000000004,0.36,0.74,0.3,0.28,0.42
1,2.0,0.372,0.36,0.62,0.28,0.24,0.36
1,4.0,0.4,0.4,0.62,0.28,0.2,0.5
