seed,beta,overall_success,task1_success,task2_success,task3_success,task4_success,task5_success
1,0.0,0.40800000000000003,0.46,0.52,0.5,0.28,0.28
1,0.25,0.41600000000000004,0.26,0.68,0.4,0.36,0.38
1,0.5,0.41600000000000004,0.36,0.78,0.34,0.28,0.32
1,1.0,0.388,0.36,0.64,0.4,0.28,0.26
1,2.0,0.4,0.44,0.62,0.4,0.2,0.34
