{
  "n_states": 2000,
  "K": 16,
  "ckpt": "/home/y_f/ece567/runs/ex_chiql_phase3b/dummy/ex_chiql_phase3b/sd001_20260422_182410/params_1000000.pkl",
  "residual_fit": {
    "alpha": 17.802048108662042,
    "gamma": -0.3424489844573002
  },
  "sigma": {
    "near": {
      "n": 22,
      "mean": 32.607929824195296,
      "median": 33.71572751668282,
      "p90": 48.434350650012505
    },
    "far": {
      "n": 1752,
      "mean": 21.153748344366473,
      "median": 20.501418981701136,
      "p90": 34.931615036726
    },
    "ratio_mean": 1.5414729008478172,
    "ratio_median": 1.644555801077785,
    "dist_sigma_corr": -0.3745949798395311
  },
  "sigma_perp": {
    "near": {
      "n": 22,
      "mean": 9.545376218273894,
      "median": 10.342711626326059,
      "p90": 22.011657533800967
    },
    "far": {
      "n": 1752,
      "mean": -0.8570839294607319,
      "median": -2.0786066619565453,
      "p90": 13.567518740514396
    },
    "ratio_mean": -11.13703791445459,
    "ratio_median": -4.975790665748516,
    "dist_sigma_corr": -0.41171771939806817
  }
}