seed,beta,overall_success,task1_success,task2_success,task3_success,task4_success,task5_success
0,0.0,0.43199999999999994,0.36,0.58,0.4,0.48,0.34
0,0.25,0.492,0.5,0.64,0.46,0.48,0.38
0,0.5,0.41600000000000004,0.34,0.58,0.34,0.5,0.32
0,1.0,0.45599999999999996,0.42,0.66,0.48,0.42,0.3
0,2.0,0.42800000000000005,0.4,0.48,0.58,0.34,0.34
