{
  "n_states": 2000,
  "K": 16,
  "ckpt": "/home/y_f/ece567/runs/ex_chiql_phase3b/dummy/ex_chiql_phase3b/sd000_20260422_182343/params_1000000.pkl",
  "residual_fit": {
    "alpha": 6.37697074172138,
    "gamma": -0.4979222580769373
  },
  "sigma": {
    "near": {
      "n": 22,
      "mean": 24.29715249113823,
      "median": 24.969715489074588,
      "p90": 32.813854133710265
    },
    "far": {
      "n": 1751,
      "mean": 14.332644323285708,
      "median": 13.517046985216439,
      "p90": 23.73937627673149
    },
    "ratio_mean": 1.6952316643805612,
    "ratio_median": 1.8472759261977787,
    "dist_sigma_corr": -0.31292275199583014
  },
  "sigma_perp": {
    "near": {
      "n": 22,
      "mean": 7.425784884870867,
      "median": 6.840492308593904,
      "p90": 14.79309075638424
    },
    "far": {
      "n": 1751,
      "mean": -0.5149152612181732,
      "median": -1.3748468941254615,
      "p90": 8.027082222593078
    },
    "ratio_mean": -14.42137268820337,
    "ratio_median": -4.975457512994661,
    "dist_sigma_corr": -0.39233552980422354
  }
}