{
  "task_id": 1,
  "agent_xy": [
    35.957591776980784,
    0.7898784666008878
  ],
  "goal_xy": [
    -0.09932185817100181,
    23.895409102709863
  ],
  "n_samples": 1000,
  "top_k": 50,
  "nn_bank_size": 10000,
  "beta_pes": 0.5,
  "residual_fit": {
    "alpha": 5.830087514646769,
    "gamma": -0.5411601490025831
  },
  "raw_xy_mean": [
    18.287357330322266,
    1.0196889638900757
  ],
  "raw_xy_std": [
    8.920819282531738,
    3.2372496128082275
  ],
  "filtered_xy_mean": [
    17.72340965270996,
    3.3552029132843018
  ],
  "filtered_xy_std": [
    9.306703567504883,
    6.285736083984375
  ],
  "score_range": [
    -62.13751033865635,
    2.434353413708903
  ],
  "filtered_score_range": [
    -5.135143767148765,
    2.434353413708903
  ],
  "frac_near_bad_teleport_out": {
    "raw": 0.362,
    "filtered": 0.2,
    "reduction": 0.16199999999999998
  },
  "frac_toward_goal_y_ge_10": {
    "raw": 0.044,
    "filtered": 0.16,
    "increase": 0.116
  }
}